会社名,コーポレートURL,お問い合わせフォームURL,所在地,従業員数,電話番号,BaseconnectURL,制作実績数,情報源,特化業界,候補だった業界,除外理由,判定メモ,公式トップ見出し
株式会社メディウィル,https://www.mediwill.co.jp/,https://www.mediwill.co.jp/contact/,東京都,20人以上～50人未満,,,,Web幹事(歯科)／比較ビズ(歯科),,歯科,特化を名乗っていない（対応可能止まり）,歯科:公式トップに業界の明記なし,"株式会社メディウィル 株式会社メディウィル,患者向けデジタルマーケティング,デジタルエージェンシー トップページ 株式会社メディウィル,患者向けデジタルマーケティング,デジタルエージェンシー デジタルマーケティングで製薬企業や医療機器メーカーの疾患啓発(DTC)を推進し、患者さんを最適な医療につなぐ"
株式会社ニジモ,https://www.nijimo.jp/,https://www.nijimo.jp/company/contact/,東京都,5人以上～10人未満,,,,Web幹事(歯科)／アイミツ(歯科)／比較ビズ(歯科),,歯科,特化を名乗っていない（対応可能止まり）,歯科:公式トップに業界の明記なし,株式会社ニジモ | 渋谷のWeb制作会社 株式会社ニジモは渋谷を拠点にWEB制作を行うクリエイティブ集団です。WEBセキュリティ事業、医療広告事業、Webサイト制作事業などを行っています。 株式会社ニジモ | 渋谷のWeb制作会社 株式会社ニジモは渋谷を拠点にWEB制作を行うクリエイティブ集団です。
株式会社WEBマーケティング総合研究所,https://www.webmarketing.co.jp/,https://www.webmarketing.co.jp/inquiry/,東京都,,,,200社（公式サイト記載）,Web幹事(整骨院・整体院・治療院)／アイミツ(整骨院・整体院・治療院)／アイミツ(歯科)／比較ビズ(整骨院・整体院・治療院)／比較ビズ(歯科),,歯科／整骨院・整体院・治療院,特化を名乗っていない（対応可能止まり）,歯科:公式トップに業界の明記なし / 整骨院・整体院・治療院:公式トップに業界の明記なし,株式会社WEBマーケティング総合研究所 株式会社WEBマーケティング総合研究所は、中小企業の発展に貢献するWEBマーケティングのプロフェッショナルです。 株式会社WEBマーケティング総合研究所
フロンティアビジョン株式会社,http://dental-web.jp/,https://dental-web.jp/contact/,熊本県,100人以上～300人未満,,,,比較ビズ(歯科),歯科,歯科,従業員100名以上,歯科:トップ見出し+本文で特化/専門,"歯科医院専門ホームページ制作のデンタルウェブ 歯科,ホームページ,作成,サイト,制作 歯科のホームページ制作はデンタルWEB。初期費用無料、月額費用わずか9,900円の低価格で歯科医院専門のホームページを作成。2024年診療報酬改定・医療DX推進体制整備加算にも対応。アルサーガパートナーズの豊富なホ"
株式会社BISCOM,https://www.biscom.jp/,https://www.biscom.jp/contact/,山梨県,,,,,比較ビズ(歯科),,歯科,特化を名乗っていない（対応可能止まり）,歯科:公式トップに業界の明記なし,株式会社BISCOM ｜ 山梨県甲府市のデザイン会社、Web制作・ホームページ作成 企業の意図や想いを丁寧に整え「成果の根拠」まで設計したデザインをおつくりしています。ストーリーから、ロゴ・Web・ブランディングまで、まとめてお任せいただけます。 株式会社BISCOM ｜ 山梨県甲府市のデザイン会社
株式会社HERO innovation,https://clinic-promotion.com/,https://clinic-promotion.com/contact/,東京都,100人以上～300人未満,,,"4,198件（公式サイト記載）",アイミツ(歯科)／比較ビズ(歯科),,歯科,従業員100名以上,歯科:公式トップに業界の明記なし,"クリニックのホームページ制作なら実績4,198件のヒーローイノベーション｜全診療科の集患を支援 医科,ホームページ制作,集患,医療,クリニック クリニックのホームページ制作なら医療専門のヒーローイノベーション。制作実績4,198件以上のノウハウで、開業・集患・増患に直結するWEB戦略をご提案。内科、"
メディカルウェブステージ,https://www.medicalwebstage.jp/,https://www.medicalwebstage.jp/contact/,東京都,100人以上～300人未満,,,"15,000件（公式サイト記載）",Web幹事(整骨院・整体院・治療院)／Web幹事(歯科)／比較ビズ(整骨院・整体院・治療院)／比較ビズ(歯科),歯科／整骨院・整体院・治療院,歯科／整骨院・整体院・治療院,従業員100名以上,歯科:トップ見出し+本文で特化/専門 / 整骨院・整体院・治療院:本文で特化/専門,病院・クリニック・歯科のホームページ制作専門【厚労省ガイドライン対応】 集客に強い病院・クリニック・歯科のホームページを作るなら医療専門・初期費用０円でできるメディカルウェブで！各種医療機関・福祉業界まで、ホームページに必要な全てをそろえています。厚労省医療ホームページガイドライン完全対応。 ホーム
株式会社ヒーローイノベーション,https://hero-innovation.com/,https://hero-innovation.com/contact1,福岡県,100人以上～300人未満,,,,Web幹事(歯科)／比較ビズ(歯科),歯科,歯科,従業員100名以上,歯科:トップ見出し,株式会社HERO innovation｜医療DXで、医療をもっとスマートに。 歯科医院・クリニックのホームページ制作実績のご紹介。株式会社HERO innovationは、「医療を便利にわかりやすく」を掲げ、医療機関（医科・歯科）のスマートクリニック化の実現をサポートしています。医療機関に特化した、
MOCAL株式会社,https://mocal.co.jp/,https://mocal.co.jp/wps/wp-content/themes/mocal2022/contactus,東京都,50人以上～100人未満,,,,比較ビズ(歯科),,歯科,特化を名乗っていない（対応可能止まり）,歯科:公式トップに業界の明記なし,MOCALグループ — 「経済活動を通じた幸福」を実現する企業グループ 「思い」は「行動」へ、「行動」から「未来創造」へ。人間に与えられた最高の価値である「創造の自由」を行使し、 素晴らしい世界を、私たち個人から組織へ、社会へ広げて行く—。これがMOCALグループの志です。 社会貢献企業群の創造
株式会社メックコミュニケーションズ,https://mec-com.co.jp/,https://mec-com.co.jp/otoiawase,兵庫県,10人以上～20人未満,,,,Web幹事(歯科)／比較ビズ(歯科),,歯科,特化を名乗っていない（対応可能止まり）,歯科:公式トップに業界の明記なし,株式会社メックコミュニケーションズ - 神戸のホームページ制作、Webシステム・ios androidアプリ開発会社 神戸のホームページ制作、アプリ・システム開発会社のメックコミュニケーションズは、Webデザイン制作をはじめ、WEB（クラウド）システム開発、ios androidアプリ開発、レセコン
株式会社ゼロメディカル,https://zeromedical-web.com/,https://zeromedical.tv/zeromedical-web/flow/,東京都,100人以上～300人未満,,,,比較ビズ(整骨院・整体院・治療院),,整骨院・整体院・治療院,従業員100名以上,整骨院・整体院・治療院:公式トップに業界の明記なし,"医療機関・クリニックのホームページ制作｜ゼロメディカル 医療機関・クリニック専門のホームページ制作・集患対策で2,000件以上の実績。患者属性や地域に基づく戦略的なWEBコンサルティングが強み。ホームページ制作だけでなく、運用や相談に特化した専任スタッフがサポート。開業支援や人材支援も提供し、医療機"
株式会社ポータルズ,https://www.portals.co.jp/,,兵庫県,,,,,Web幹事(整骨院・整体院・治療院)／アイミツ(整骨院・整体院・治療院)／比較ビズ(整骨院・整体院・治療院),,整骨院・整体院・治療院,公式サイト取得不可(0),,
株式会社アクセスジャパン,https://www.webdeki.com/,https://www.webdeki.com/contact,北海道,20人以上～50人未満,,,,比較ビズ(整骨院・整体院・治療院),,整骨院・整体院・治療院,特化を名乗っていない（対応可能止まり）,整骨院・整体院・治療院:公式トップに業界の明記なし,"月額定額制（サブスク）ホームページ制作 | ビズサイ 初期費・製作費・解約費0円、月額5,478円（税込）から始められるサブスク型ホームページ制作！他社にはないSEO対策力と完全オリジナルデザインによる集客力を実感できます。 月額定額制（サブスク）ホームページ制作 | ビズサイ 初期費・製作費・解約"
株式会社ランドサークル,https://www.land-circle.com/,https://www.land-circle.com/contact,東京都,,,,,比較ビズ(整骨院・整体院・治療院),,整骨院・整体院・治療院,特化を名乗っていない（対応可能止まり）,整骨院・整体院・治療院:公式トップに業界の明記なし,Web制作・ホームページ制作なら東京の制作会社ランドサークルへ 東京にあるWeb制作・ホームページ制作会社のランドサークルでは、お客様の目的とターゲットをしっかりヒアリングした上でご要望にあったホームページを制作しております。また、更新作業の代行や保守・管理、セキュリティ対策などのサービスも幅広く行
シンス株式会社,https://idotdesign.net/,,福岡県,,,,,比較ビズ(整骨院・整体院・治療院),,整骨院・整体院・治療院,公式サイト取得不可(0),,
株式会社サインズスクエア,http://www.signs-square.com/,,大阪府,,,,,Web幹事(整骨院・整体院・治療院)／比較ビズ(整骨院・整体院・治療院),,整骨院・整体院・治療院,特化を名乗っていない（対応可能止まり）,整骨院・整体院・治療院:公式トップに業界の明記なし,"サインズスクエア – サインズスクエアはデザインでお客様の成果に貢献します。 デザイン会社,サインズスクエア,第一印象,マーケティング,ブランディング,外観デザイン,デザイン 道行く人の感性に響くクリニック・店舗・マンションの「第一印象」をトータルでリニューアル。ブランディング・デザイン提案から施工"
ジャパニーズ株式会社,https://japan-ese.info/,https://japan-ese.info/contact,滋賀県,10人以上～20人未満,,,,比較ビズ(整骨院・整体院・治療院),,整骨院・整体院・治療院,特化を名乗っていない（対応可能止まり）,整骨院・整体院・治療院:公式トップに業界の明記なし,滋賀県のブランディング・広報支援ならしがとせかい 滋賀県のブランディング・広報支援ならしがとせかい 
株式会社フリーライズ,https://allinone-hp.com/rakutsuku-estesalon/,https://allinone-hp.com/contact/,東京都,50人以上～100人未満,,,,Web幹事(整骨院・整体院・治療院)／比較ビズ(整骨院・整体院・治療院),,整骨院・整体院・治療院,特化を名乗っていない（対応可能止まり）,整骨院・整体院・治療院:公式トップに業界の明記なし,"エステサロン向けホームページ作成 | らくつくエステサロン 格安ホームページパッケージ  エステサロン向けホームページ作成パッケージの『らくつくエステサロンホームページ』！集客できるホームページを簡単作成！初期費用０円・月額10,000円から。もちろんスマホ対応、SEO内部対策込みで50Pまで無料。"
株式会社ハブネット,https://www.hubnet.jp/,,大阪府,,,,,比較ビズ(整骨院・整体院・治療院),,整骨院・整体院・治療院,特化を名乗っていない（対応可能止まり）,整骨院・整体院・治療院:公式トップに業界の明記なし,大阪市のSEOホームページ制作と格安SEO対策 大阪市のSEOホームページ制作と格安SEO対策大阪市のホームページ制作会社です。最新型のデザイン性と高機能なホームページなのに格安制作料でさせていただいております。安全で公正なSEO対策で検索エンジンの上位表示にも貢献します。 大阪市のSEOホームペー
メディカルメディア株式会社,https://www.cl-senyouhp.com/,https://www.cl-senyouhp.com/contact/,和歌山県,,,,,比較ビズ(整骨院・整体院・治療院),,整骨院・整体院・治療院,特化を名乗っていない（対応可能止まり）,整骨院・整体院・治療院:公式トップに業界の明記なし,クリニック専用ホームページ.com｜自分で更新できる低価格なホームページを制作・作成 クリニック専用ホームページ.comでは自分で更新できる医院や診療所向けのホームページ（スマホ対応、SSL対応）を初期費用無料で低価格の月額費用のみで制作・作成できます。ぜひ無料サンプルでお試しください。 クリニック
有限会社スプール,https://spool-net.jp/,https://spool-net.jp/contact,広島県,10人以上～20人未満,,,,比較ビズ(整骨院・整体院・治療院),,整骨院・整体院・治療院,特化を名乗っていない（対応可能止まり）,整骨院・整体院・治療院:公式トップに業界の明記なし,有限会社スプール - 広島本社・東京・名古屋・大阪・福岡を拠点としたホームページ制作・システム開発会社 有限会社スプール 有限会社スプール。広島県広島市、東京、大阪、名古屋、福岡。ITソリューション事業（ホームページ制作・キャンペーンサイト制作・ECサイト制作・システム開発・サーバ運用・デザイン制作
株式会社ディプシー,https://deepxi.jp/,https://deepxi.jp/contact.html,東京都,,,,,比較ビズ(整骨院・整体院・治療院),,整骨院・整体院・治療院,特化を名乗っていない（対応可能止まり）,整骨院・整体院・治療院:公式トップに業界の明記なし,"【ネット集客専門】集客できるWebサイト制作 - 株式会社ディプシー【東京】 ネット,集客できる,Webサイト,制作,会社,東京,DeepXi,deepxi SEOに強く「継続的にネット集客できる」Webサイトを制作する株式会社ディプシーは、「集客力」の高いWebサイトを制作するため、SEO対策・ネ"
株式会社ゼロワンアース,https://01earth.jp/,https://01earth.jp/contact/,大阪府,,,,,比較ビズ(整骨院・整体院・治療院),,整骨院・整体院・治療院,特化を名乗っていない（対応可能止まり）,整骨院・整体院・治療院:公式トップに業界の明記なし,利益を上げる大阪のホームページ制作会社｜ゼロワンアース 大阪市西区を拠点に利益を上げるためのホームページ制作をお客様の予算に合わせて提案いたします。業界歴10年以上の経験豊富なスタッフがSEO対策、オウンドメディア構築、Webマーケティング、コンテンツ企画等、ホームページの制作から運営・保守までサポ
株式会社米谷,https://www.p-yonetani.com/,https://www.p-yonetani.com/contact,大阪府,50人以上～100人未満,,,,比較ビズ(整骨院・整体院・治療院),,整骨院・整体院・治療院,特化を名乗っていない（対応可能止まり）,整骨院・整体院・治療院:公式トップに業界の明記なし,印刷 大阪 米谷印刷（大阪市の印刷会社 オリジナル封筒 作成業者 封筒制作 加工） 印刷 大阪 大阪の印刷。印刷全般、封筒印刷・オリジナル封筒や簡単開封封筒の『ゆめ～る封筒』の株式会社米谷。印刷のことならお任せください。封筒印刷・封筒制作・封筒加工もお任せください。大阪市淀川区の印刷会社です。 印刷
株式会社アイフラッグ,http://www.iflag.co.jp/,https://www.iflag.co.jp/contact,東京都,,,,,Web幹事(製造業)／比較ビズ(整骨院・整体院・治療院),,整骨院・整体院・治療院／製造業,特化を名乗っていない（対応可能止まり）,整骨院・整体院・治療院:公式トップに業界の明記なし / 製造業:公式トップに業界の明記なし,株式会社アイフラッグ | 公式ホームページ 株式会社アイフラッグの公式ホームページです。アイフラッグは中小企業の皆様にホームページ制作とサポートをパッケージ化した、クラウドパッケージとホームページからの集客、アクセスアップを目的としたIT支援のインターネットビジネスを提供しております。 株式会社アイ
株式会社メディココンサルティング,https://www.medico-consulting.jp/,https://www.medico-consulting.jp/form.html,東京都,50人以上～100人未満,,,"5,000件（公式サイト記載）",比較ビズ(整骨院・整体院・治療院),,整骨院・整体院・治療院,特化を名乗っていない（対応可能止まり）,整骨院・整体院・治療院:公式トップに業界の明記なし,"クリニック ホームページ制作｜メディココンサルティング｜実績5,000件超 メディココンサルティング,医療,専門,ホームページ,制作,作成,クリニック クリニックや医院、病院、調剤薬局、歯科医院等の医療機関のホームページ制作作成なら「メディココンサルティング」へ。さらに医療機関の増患対策としてMEO"
株式会社アイジス,https://aigis.co.jp/,https://aigis.co.jp/contact/,大阪府,,,,"1,500件（公式サイト記載）",比較ビズ(整骨院・整体院・治療院),,整骨院・整体院・治療院,特化を名乗っていない（対応可能止まり）,整骨院・整体院・治療院:公式トップに業界の明記なし,"大阪のホームページ制作会社｜株式会社アイジス 実績豊富な大阪のホームページ制作会社アイジス。Webサイト制作からSEO、広告まで、トータルブランディングで貴社の魅力を最大限に引き出します。 ホームページ制作,大阪,京都,神戸,東京,スマホ対応,ホームページ更新代行,ワードプレスカスタマイズ ホームペ"
TRASP株式会社,https://trasp-inc.com/,https://trasp-inc.com/contact/,大阪府,20人以上～50人未満,,,,比較ビズ(整骨院・整体院・治療院),,整骨院・整体院・治療院,特化を名乗っていない（対応可能止まり）,整骨院・整体院・治療院:公式トップに業界の明記なし,大阪のホームページ制作｜TRASP株式会社 大阪を中心にホームページ制作・Webコンサルティングを行うTRASP株式会社は制作やSNS運用から広告運用まで幅広く行うホームページ制作会社です。数多くのホームページ制作実績と、運用・改善・SEO対策などに注力した集客に強いWebサイト制作をお任せいただけ
リンヤ株式会社,https://rinya.co.jp/,https://rinya.co.jp/contact,東京都,,,,,アイミツ(整骨院・整体院・治療院)／比較ビズ(整骨院・整体院・治療院),,整骨院・整体院・治療院,特化を名乗っていない（対応可能止まり）,整骨院・整体院・治療院:公式トップに業界の明記なし,リンヤ株式会社 中小企業様・個人事業主様のホームページ活用を応援！をテーマに、ホームページ制作とSEO対策・リスティング広告運用の事業を行っております。また、2017年5月から子会社のクラウドコントラクト株式会社でブロックチェーンを使用した電子契約サービスの提供を開始しております。 マーケティングで
メディアクロス株式会社,https://medi-cro.jp/,https://medi-cro.jp/contact/,福岡県,,,,800件（公式サイト記載）,Web幹事(整骨院・整体院・治療院)／アイミツ(整骨院・整体院・治療院)／比較ビズ(整骨院・整体院・治療院),,整骨院・整体院・治療院,特化を名乗っていない（対応可能止まり）,整骨院・整体院・治療院:公式トップに業界の明記なし,"福岡ホームページ制作・SEO対策・AI検索対策（AIO・LLMO・GEO）のメディアクロス株式会社 福岡・福岡市のホームページ制作・製作・作成・SEO対策・AI検索対策（AIO・LLMO・GEO）のメディアクロス 福岡,市,ホームページ制作,SEO対策,メディアクロス 福岡ホームページ制作・SEO対"
ベルズスタイル,https://bells-style.com/,,神奈川県,,,,,Web幹事(介護・福祉)／比較ビズ(介護・福祉),,介護・福祉,公式サイト取得不可(0),,
ツアーオンライン株式会社,http://www.touronline.jp/,https://www.touronline.jp/contact,東京都,,,,,比較ビズ(介護・福祉),,介護・福祉,特化を名乗っていない（対応可能止まり）,介護・福祉:公式トップに業界の明記なし,ツアーオンライン株式会社-立川市のホームページ制作会社 企業・法人の WEBサイト制作は東京都立川市のツアーオンラインへ。2002年の創業以来、弊社は企業・法人の皆様のホームページ制作やサーバー管理、パンフレット作成を担当し、300社以上のお客様と情報発信・PRの歩みを共有しています。企業や団体、店
株式会社AUBERHUMMIROIR,https://arm-ls.com/,https://arm-ls.com/contact.html,千葉県,,,,900件（公式サイト記載）,Web幹事(介護・福祉)／アイミツ(介護・福祉)／比較ビズ(介護・福祉),,介護・福祉,特化を名乗っていない（対応可能止まり）,介護・福祉:公式トップに業界の明記なし,千葉の格安ホームページ制作はリアサポートデザインオフィス千葉本店へ。ホームぺージのリニューアルもご相談ください。 千葉の格安ホームページ制作は実績900件以上のリアサポートデザインへ。 SEOに特化した成果につながるWEBコンサルからパンフレット代わりのシンプルなWEBサイトまで、中小企業から店舗・
株式会社bit,https://www.office-bit.com/,https://office-bit.com/contact/,京都府,10人以上～20人未満,,,,比較ビズ(介護・福祉),,介護・福祉,特化を名乗っていない（対応可能止まり）,介護・福祉:公式トップに業界の明記なし,ホームページ制作【京都 東京】 SEO対策、ホームページ制作のbit-ビット ホームページ制作会社のビット。集客拡大、売上UP、SEO対策を企画～デザイン、制作、運営までフルサポート。東京、京都、大阪。HP制作、リニューアル、SEO対策、スマートフォン（レスポンシブ）対応とホームページ制作なら制作実
株式会社ネット・オプション,https://www.netoption.co.jp/,https://netoption.co.jp/company_inquiry/,東京都,10人以上～20人未満,,,,Web幹事(介護・福祉)／アイミツ(介護・福祉)／比較ビズ(介護・福祉),,介護・福祉,特化を名乗っていない（対応可能止まり）,介護・福祉:公式トップに業界の明記なし,"ホームページの集客ならお任せ下さい | 株式会社ネット・オプション ホームページ制作，WEBサイト制作，東京, 福岡 ネット・オプションのホームページ制作は低予算で中小企業向け専門に、ホームページが成功する為のwebマーケティング(SEO、SEM)に特化することで集客のアップ、売上の増大を図り顧客満"
株式会社 サンライフ企画,https://www.sunlife.net/,https://www.sunlife.net/inquiry/,東京都,,,,,比較ビズ(介護・福祉),,介護・福祉,特化を名乗っていない（対応可能止まり）,介護・福祉:公式トップに業界の明記なし,株式会社サンライフ企画 健康・年金情報を提供する総合出版社。 株式会社サンライフ企画 健康・年金情報を提供する総合出版社。 
ケアミックス株式会社,http://www.care-mix.co.jp/,https://www.care-mix.co.jp/contact/,東京都,,,,,比較ビズ(介護・福祉),介護・福祉,介護・福祉,制作会社ではない（老人ホーム紹介等が本業）,介護・福祉:トップ見出し,医療と介護に携わる人と企業を支援｜ケアミックス株式会社 老人ホームの無料相談・紹介「老人ホーム相談プラザ」、看護師の付き添い・同行・救護「日本ツアーナースセンター」「日本イベントナースセンター」等を運営するケアミックス株式会社の公式サイトです。 
株式会社No.1,https://www.no1web.jp/kaigo/,https://www.no1web.jp/kaigo/kaigo_contact/,東京都,300人以上～1000人未満,,,,アイミツ(介護・福祉)／比較ビズ(介護・福祉),介護・福祉,介護・福祉,従業員100名以上,介護・福祉:トップ見出し,介護事業 | 介護・福祉系のWEBサイト制作はNo.1にお任せ下さい。 介護・福祉系のWEBサイト制作はNo.1にお任せ下さい。 介護・福祉系のWEBサイト制作はNo.1にお任せ下さい。 介護・福祉系のWEBサイト制作はNo.1にお任せ下さい。
株式会社アイウェイヴ,https://www.aiwave.jp/,https://www.aiwave.jp/contact/,東京都,100人以上～300人未満,,,"16,000サイト（公式サイト記載）",比較ビズ(介護・福祉),,介護・福祉,従業員100名以上,介護・福祉:公式トップに業界の明記なし,"女性集客に強いホームページ制作｜aiWAVE（アイウェイヴ） ホームページ制作なら、女性集客に強い『aiWAVE（アイウェイヴ）』まで。業種問わず、女性マーケティングを取り入れることで、無限大な女性マーケットへの新規参入、顧客層の拡大を図ることができます。 ホームページ制作,女性マーケティング 女性"
株式会社ニチイ学館,https://www.nichiigakkan.co.jp/,https://www.nichiigakkan.co.jp/contact/,東京都,,,,,Web幹事(介護・福祉)／比較ビズ(介護・福祉),介護・福祉,介護・福祉,従業員100名以上（大手介護事業者・制作会社ではない）,介護・福祉:トップ見出し,ニチイ学館 やさしさを、私たちの強さにしたい。医療、介護、保育サービスなどを全国で提供する総合生活支援企業 ニチイ学館の企業サイトです。 ニチイ学館 やさしさを、私たちの強さにしたい。医療、介護、保育サービスなどを全国で提供する総合生活支援企業 ニチイ学館の企業サイトです。 
株式会社おいかぜ,https://www.oikaze.jp/,https://www.oikaze.jp/contact,京都府,20人以上～50人未満,,,,比較ビズ(介護・福祉),,介護・福祉,特化を名乗っていない（対応可能止まり）,介護・福祉:公式トップに業界の明記なし,株式会社おいかぜ 京都・西院に本社を構える株式会社おいかぜは、プロダクション事業（Webデザイン・グラフィックデザイン）、プラットフォームソリューション事業（ITインフラ・サーバ・ネットワーク）、はたらくデザイン事業（業務改善・コンサルティング）を展開しています。テクノロジーとデザインの領域を横断し
株式会社オンカ,https://onca.co.jp/,https://onca.co.jp/contact/,愛知県,,,,,比較ビズ(介護・福祉),,介護・福祉,特化を名乗っていない（対応可能止まり）,介護・福祉:公式トップに業界の明記なし,名古屋のホームページ制作・WEB集客会社 株式会社オンカ 名古屋のホームページ制作会社(株)オンカです。私たちはSEO対策・WEB広告などのWEBマーケティングを通じて集客を支援し、企業の業績向上を目指します。  名古屋でホームページ制作を通じてWEB集客を支援する(株)オンカ
株式会社ギャザーリンク,https://gatherlink.com/,https://gatherlink.com/contact/,京都府,,,,,比較ビズ(介護・福祉),,介護・福祉,特化を名乗っていない（対応可能止まり）,介護・福祉:公式トップに業界の明記なし,京都のホームページ制作｜株式会社ギャザーリンク 京都でホームページ制作・Webデザイン・システム開発・動画制作・グラフィックデザインを手掛ける株式会社ギャザーリンク。企業の課題解決と成果につながるWeb戦略をご提案します。   gatherlink
株式会社クロコロール,https://kuroko-role.co.jp/,https://kuroko-role.co.jp/contact/,熊本県,,,,,比較ビズ(介護・福祉),,介護・福祉,特化を名乗っていない（対応可能止まり）,介護・福祉:公式トップに業界の明記なし,熊本県熊本市のコーディングに特化した制作会社 株式会社クロコロール 株式会社クロコロールは、HTML/CSS/JavaScriptを使い、コーディング等のフロントエンドの設計・実装に特化している熊本県のホームページ制作会社です。デザイナーの皆様のデザインを忠実にWebサイトに実装致します。 熊本県熊
株式会社つたえる,https://charm-design.net/,https://charm-design.net/contact/,熊本県,,,,,比較ビズ(介護・福祉),,介護・福祉,特化を名乗っていない（対応可能止まり）,介護・福祉:公式トップに業界の明記なし,熊本のWEB制作・ホームページ作成｜チャームデザイン（株式会社つたえる） 熊本でウェブ制作やパンフレットをデザインしているホームページ制作会社です。熊本市でホームページ制作やWebデザインの相談・見積作成は無料で行っております。はじめてホームページを作られる方でも安心して選べる料金プランです。オリジ
株式会社ファースト,https://www.firstinc.jp/,https://www.firstinc.jp/contact/,三重県,,,,,比較ビズ(介護・福祉),,介護・福祉,特化を名乗っていない（対応可能止まり）,介護・福祉:公式トップに業界の明記なし,ホームページ制作・DXシステム開発・Webデザインのことなら株式会社ファースト ホームページ制作・DXシステム開発・Webデザインのことなら株式会社ファースト システム開発・Web制作からグラフィックデザイン、名刺・封筒・ショップカード作成ネット通販、ネットワーク・インフラ構築、ハードウェアの調達、
株式会社ファーストステップ,https://firststep-design.com/,https://firststep-design.com/estimate/,愛知県,,,,,比較ビズ(介護・福祉),,介護・福祉,特化を名乗っていない（対応可能止まり）,介護・福祉:公式トップに業界の明記なし,愛知・東海のホームページ制作・Web戦略｜SEO・集客まで一貫支援｜First Step Design 戦略設計からWebデザイン、SEO、コンテンツ制作、公開後の改善まで一貫支援。企業の強みを整理し、問い合わせ・採用・事業成長につながるホームページを制作します。あま市・名古屋市・一宮市・稲沢市・津
株式会社ネクストページ,https://nxpg.net/,https://nxpg.net/contact/form01.html,京都府,20人以上～50人未満,,,,比較ビズ(介護・福祉),,介護・福祉,特化を名乗っていない（対応可能止まり）,介護・福祉:公式トップに業界の明記なし,神戸のホームページ・Web制作ならネクストページ｜神戸・東京・京都・名古屋・広島 神戸・東京・京都・名古屋・広島でWeb制作・ホームページ制作を行う株式会社ネクストページ。企画提案からデザイン、システム、CMS実装、SEOまで。高い技術と丁寧な対応。詳しくはTEL:078-242-3307まで。 神
株式会社バックステージ,https://bse.co.jp/index.html,https://bse.co.jp/index.html#contactus,東京都,,,,,アイミツ(介護・福祉)／比較ビズ(介護・福祉),,介護・福祉,特化を名乗っていない（対応可能止まり）,介護・福祉:公式トップに業界の明記なし,株式会社バック・ステージ - BrightSign・デジタルサイネージ・VRイベント BrightSign、デジタルサイネージ、VRバーチャルイベント（展示会）、プロジェクションマッピングの株式会社バック・ステージ（東京都中央区） 
株式会社スイッチ,https://www.switch-inc.co.jp/,,愛知県,10人以上～20人未満,,,,比較ビズ(介護・福祉),,介護・福祉,公式サイト取得不可(0),,
株式会社TRクリエイト,http://tr-create.com/,http://tr-create.com/contact.html,埼玉県,,,,,比較ビズ(介護・福祉),,介護・福祉,特化を名乗っていない（対応可能止まり）,介護・福祉:公式トップに業界の明記なし,株式会社TRクリエイト   株式会社TRクリエイト 
株式会社バックステージ,https://www.w-stage.jp/,https://www.w-stage.jp/contact/,東京都,80名,,,"20,000件（公式サイト記載）",アイミツ(整骨院・整体院・治療院)／アイミツ(歯科),,歯科／整骨院・整体院・治療院,特化を名乗っていない（対応可能止まり）,歯科:公式トップに業界の明記なし / 整骨院・整体院・治療院:公式トップに業界の明記なし,東京のホームページ制作・WEB制作ならウェブステージ ウェブステージは東京のホームページ制作、WEB制作会社です。SEO対策やMEO対策を行い、Web集客、採用サイト、ECサイト運用に強いWEBサイトを制作。その他システム開発やホームページの保守、WEBマーケティングによる運用まで一括でサポート。東
株式会社ゼロメディカル,https://zeromedical.tv/,https://zeromedical.tv/contact/,東京都,166人,,,4（アイミツ掲載）,アイミツ(歯科),歯科,歯科,従業員100名以上,歯科:トップ見出し,"株式会社ゼロメディカル | 医療機関の経営支援・ITコンサルティング 株式会社ゼロメディカルは医療・福祉の経営支援からホームページの分析、運用、制作など歯医者、歯科をはじめとした医療現場の課題解決を行う企業です。『ないものを価値化』し社会と調和する企業を目指します。 ゼロメディカル,歯医者,歯科, "
株式会社キンダーガーデン,http://www.kindergarten-c.com/,,東京都,,,,4（アイミツ掲載）,アイミツ(歯科),,歯科,公式サイト取得不可(0),,
株式会社ピッコルーナ,http://www.piccoluna.com/,,東京都,,,,4（アイミツ掲載）,アイミツ(歯科),,歯科,公式サイト取得不可(0),,
株式会社Acsport,https://acsport.net/,https://acsport.net/contact/,東京都,,,,232（アイミツ掲載）,アイミツ(歯科)／アイミツ(製造業),,歯科／製造業,特化を名乗っていない（対応可能止まり）,歯科:公式トップに業界の明記なし / 製造業:公式トップに業界の明記なし,東京のWEB制作・ホームページ制作会社｜株式会社Acsport（アクスポート） 株式会社Acsport（アクスポート）は東京・名古屋・広島・富山を拠点を置くWEB制作・ホームページ制作会社です。中小企業のビジネスをMarketingの力でより効果的にするサービスを展開しています 。WEB制作における
フロンティアビジョンスタジオ,https://www.fvs-net.co.jp/,https://www.fvs-net.co.jp/inquiry/,熊本県,,,,1000件（公式サイト記載）,アイミツ(歯科),,歯科,特化を名乗っていない（対応可能止まり）,歯科:公式トップに業界の明記なし,熊本のホームページ制作・WEB制作会社【実績1000件超】｜アルサーガパートナーズ株式会社 熊本のホームページ制作・WEB制作会社なら【制作実績1000件超】のアルサーガパートナーズ（旧フロンティアビジョン）へ。企画からSEO対策、運用までワンストップで対応。コーポレート・EC・採用サイト・WEB広
株式会社イージーゲート,https://www.studio-clipto.jp/,https://www.studio-clipto.jp/inquiry.html,東京都,,,,"11,885社（公式サイト記載）",アイミツ(歯科),,歯科,特化を名乗っていない（対応可能止まり）,歯科:公式トップに業界の明記なし,"東京で格安ホームページ制作はクリプトスタンダード ホームページ制作,クリプトスタンダード,東京都,Web,制作会社,格安,HP,ウェブサイト 完全フルオーダーメイド型ホームページ制作会社『クリプトスタンダード』は完全訪問打ち合わせ＆CMS更新PRGをセットにして短納期・格安のホームページ制作を実現！"
株式会社日本経営,https://nkgr.co.jp/,https://nkgr.co.jp/inquiry/,大阪府,,,,,Web幹事(歯科)／アイミツ(歯科),,歯科,特化を名乗っていない（対応可能止まり）,歯科:公式トップに業界の明記なし,日本経営 | マネジメントの力で社会に希望を 医療経営、介護福祉経営、企業経営、医療・介護政策など、経営・財務・財産のコンサルティング。各分野のプロフェッショナルファームの総称。 日本経営 | マネジメントの力で社会に希望を 医療経営、介護福祉経営、企業経営、医療・介護政策など、経営・財務・財産のコ
有限会社スプラウト,https://www.sprout-jp.com/,,,,,,,Web幹事(歯科),,歯科,公式サイト取得不可(403),,
デイオフィス,https://www.dayoffice.net/,,,,,,,Web幹事(歯科),,歯科,特化を名乗っていない（対応可能止まり）,歯科:公式トップに業界の明記なし,愛知県ホームページ制作業者 デイオフィス
株式会社HSK,https://www.j-hsk.co.jp,https://www.j-hsk.co.jp/contact.html,茨城県,,,,,Web幹事(整骨院・整体院・治療院),,整骨院・整体院・治療院,特化を名乗っていない（対応可能止まり）,整骨院・整体院・治療院:公式トップに業界の明記なし,"ホームページ制作｜株式会社HSK ホームページ制作,スマートフォン,スマホ,チラシ,茨城 ホームページ制作なら当社にお任せください。ホームページ制作なら当社にお任せください。HSKでは、デザイン重視・集客重視・SEO対策重視など、お客様のご要望に合わせてホームページ制作を行います。 ホームページ制作"
株式会社デジットシステム,https://www.digitsystem.jp/,https://digitsystem.jp/product/お問い合わせ/,東京都,,,,,Web幹事(整骨院・整体院・治療院),,整骨院・整体院・治療院,特化を名乗っていない（対応可能止まり）,整骨院・整体院・治療院:公式トップに業界の明記なし,HOME - 株式会社デジットシステム  HOME - 株式会社デジットシステム 
Monoledge,https://monoledge.com/,https://monoledge.com/contact.html,大阪府,,,,5000サイト（公式サイト記載）,Web幹事(整骨院・整体院・治療院),,整骨院・整体院・治療院,特化を名乗っていない（対応可能止まり）,整骨院・整体院・治療院:公式トップに業界の明記なし,"3万円台の格安ホームページ制作 大阪 Monoledge モノレッジ 大阪から全国対応！3万5千円でスマホ対応・SEO対策・集客対策などの格安で良質なホームページを作成します。反響向上の為のサイト設計で実績多数。格安なWeb制作ならMonoledge(モノレッジ) ホームページ,制作,大阪,格安,s"
ラストワンマイル株式会社,http://www.lastonemile.jp/,,東京都,,,,,Web幹事(整骨院・整体院・治療院),,整骨院・整体院・治療院,公式サイト取得不可(0),,
株式会社IMDEX,https://www.imdex.jp/,https://www.imdex.jp/contact/,埼玉県,,,,,Web幹事(整骨院・整体院・治療院),,整骨院・整体院・治療院,特化を名乗っていない（対応可能止まり）,整骨院・整体院・治療院:公式トップに業界の明記なし,株式会社IMDEX｜埼玉県熊谷市のホームページ制作管理会社 ホームページのご相談・お悩みは株式会社IMDEXへ。15年以上の実績。新規ホームページ制作割引キャンペーン中。WordPressサポート、ホームページ保守管理などお困りごとがございましたらお気軽にご相談ください。 株式会社IMDEX｜埼玉県
スターティア株式会社,https://web-sta.jp/,https://web-sta.jp/contact.html,東京都,,,,,Web幹事(製造業),,製造業,既存190社リストと重複,製造業:公式トップに業界の明記なし,東京のWeb制作会社・ホームページ制作会社なら | スターティア株式会社 東京でWeb制作・ホームページの制作をはじめ、Web広告運用やMAツール、SEOなど包括的にWebマーケティングを提供するスターティア株式会社。Webマーケティングに精通したプロ集団が、お客様に合ったご提案でそれぞれの目標達成
TMCシステム株式会社,https://www.tmcdigital.jp/,https://www.tmcdigital.jp/contact,神奈川県,130名,,,,Web幹事(製造業),製造業,製造業,従業員100名以上,製造業:トップ見出し,TMCデジタル | BtoBのWebサイトリニューアルや運用、デジタルマーケティングならTMCデジタル 製造業や商社のお客様を中心にBtoB企業のWebサイトリニューアルをはじめとし、Webサイト運用やデジタルマーケティング支援を行なっています。 TMCデジタル | BtoBのWebサイトリニューア
アイムアンドカンパニー株式会社,https://www.aem.co.jp/,https://www.aem.co.jp/contact/,東京都,,,,,Web幹事(製造業),,製造業,特化を名乗っていない（対応可能止まり）,製造業:公式トップに業界の明記なし,クリエイティブエージェンシー《ブランディング・広告》東京｜アイムアンドカンパニー株式会社 ブランディングやCIを核とした会社案内・パンフレット・カタログの企業広報・広告制作物、コーポレートサイト・EC等のWeb制作、ロゴデザイン・タグライン等のブランディング制作物を提供する東京赤坂の広告デザイン会社
株式会社ジャム・デザイン,http://www.jam-design.jp/,https://www.jam-design.jp/contact,,18名,,,,Web幹事(製造業),,製造業,特化を名乗っていない（対応可能止まり）,製造業:公式トップに業界の明記なし,株式会社ジャム・デザイン - 神戸・兵庫のホームページ制作 | 企業の想いを形にするデザイン会社 神戸・兵庫を中心に、ホームページやパンフレット・会社案内の制作など、企業様の伝えたい想いに寄り添いデザインしています。広報戦略・パッケージデザイン・運用サポートなど幅広く対応。安心と信頼のブランディング
株式会社フライング・ハイ・ワークス,https://www.flying-h.co.jp/,https://www.flying-h.co.jp/contact,東京都,,,,30件（公式サイト記載）,Web幹事(製造業),,製造業,特化を名乗っていない（対応可能止まり）,製造業:公式トップに業界の明記なし,東京・渋谷のホームページ制作・Web制作会社 フライング・ハイ・ワークス 東京・渋谷のホームページ制作・Web制作会社です。2000年の創業以来、企画・デザインからCMS・Webシステム開発、公開後の運用・改善まで一貫して支援しています。 東京・渋谷のホームページ制作・Web制作会社 フライング・ハ
株式会社GIG,https://giginc.co.jp/,https://giginc.co.jp/contact,東京都,,,,,Web幹事(製造業),,製造業,特化を名乗っていない（対応可能止まり）,製造業:公式トップに業界の明記なし,東京のWEB制作会社・ホームページ制作会社｜株式会社GIG 株式会社GIGは東京のWEB制作、ホームページ制作会社、システム開発会社です。WEBサイトやメディアサイトの企画・制作・運用、WEBマーケティング、システム開発、体制構築、及び人工知能をかけ合わせたライフスタイル領域のサービスを開発していま
パドルデザインカンパニー株式会社,https://www.paddledesign.co.jp/,https://www.paddledesign.co.jp/contact/,東京都,,,,,Web幹事(製造業),,製造業,特化を名乗っていない（対応可能止まり）,製造業:公式トップに業界の明記なし,東京のブランディング会社 パドルデザインカンパニー 東京のブランディング支援会社ならパドルデザインカンパニー。企業ブランディング、商品ブランディング、採用ブランディング、インナーブランディングなど、ブランド開発、会社案内、パンフレット、Webサイト制作はパドルデザインカンパニーへ。 東京のブランディ
製造業に強い制作会社,,,,,,,,Web幹事(製造業),,製造業,公式URL不明,,
Kurumi株式会社,https://kurumi.co.jp/,https://kurumi.co.jp/contact_web/,東京都,2名,,,,Web幹事(介護・福祉),,介護・福祉,特化を名乗っていない（対応可能止まり）,介護・福祉:公式トップに業界の明記なし,東京都豊島区(池袋)ホームページ制作・管理｜Kurumi株式会社【公式】｜Webサイト制作・PR動画制作・ホームページ月額制・リニューアルの提案 東京都豊島区(池袋)のホームページ制作・動画制作・WEBマーケティングが全部できる会社です。Web制作会社として、ホームページ月額制の提案。月額見直し相談
公益財団法人介護労働安定センター,http://www.kaigo-center.or.jp/,https://www.kaigo-center.or.jp:443/contact/,東京都,,,,,Web幹事(介護・福祉),介護・福祉,介護・福祉,制作会社ではない（公益財団法人）,介護・福祉:トップ見出し,公益財団法人 介護労働安定センター （公財）介護労働安定センターはホームヘルパー、介護福祉士、ケアマネージャ－等 介護労働者の福祉の増進と、魅力ある職場作りを目指して、支援事業を行なっています。
株式会社ツウィール,https://cp-cms.com/,https://cp-cms.com/inquiry/,大阪府,,,,,Web幹事(介護・福祉)／アイミツ(介護・福祉),,介護・福祉,特化を名乗っていない（対応可能止まり）,介護・福祉:公式トップに業界の明記なし,"ホームページ制作｜大阪｜クリエイティブプロCMS ホームページ制作会社を大阪でお探しなら「クリエイティブプロCMS」でお考えください。大阪や神戸、京都など京阪神地域にお伺いしてご提案します。使いやすいホームページシステムで効果的な活用をご提案します。 ホームページ,制作,作成,大阪,ホームページ制作"
株式会社アーティス,https://www.asobou.co.jp/,https://www.asobou.co.jp/contact/,静岡県,,,,,Web幹事(介護・福祉),,介護・福祉,特化を名乗っていない（対応可能止まり）,介護・福祉:公式トップに業界の明記なし,"静岡・浜松のホームページ（Webサイト）制作 | アーティス | ホームページ制作・Webシステム開発 アーティス,ホームページ制作,Web制作,名刺,システム開発,浜松,静岡,東京 株式会社アーティス（静岡県浜松市）は、ホームページ（Webサイト）制作、Webコンサルティング・マーケティング、シス"
株式会社ほむぺじ,https://homupeji.jp/,https://homupeji.jp/contact/,北海道,,,,,Web幹事(介護・福祉)／アイミツ(介護・福祉),,介護・福祉,特化を名乗っていない（対応可能止まり）,介護・福祉:公式トップに業界の明記なし,東京・札幌のホームページ制作はほむぺじ 東京・札幌に展開するホームページ制作会社、株式会社ほむぺじではWEBサイト制作の他、ECサイト、facebock、ブログカスタマイズ、CMS、WordPressなどのカスタマイズを請け負います 東京・札幌のホームページ制作会社 東京・札幌に展開するホームページ
株式会社SOYAGIMI,https://www.soyagimi.com/,https://www.soyagimi.com/mail,東京都,,,,,Web幹事(介護・福祉),,介護・福祉,特化を名乗っていない（対応可能止まり）,介護・福祉:公式トップに業界の明記なし,"SOYAGIMI 格安＆高品質なホームページ制作致します 費用を抑えて高品質なホームページを制作されたい方はぜひお問合せ下さい。月額5,500円〜でご自身で更新できSEO、ユーザービリティ、デザインにこだわったホームページをご提供致します。 SOYAGIMI 格安＆高品質なホームページ制作致します "
株式会社No.1,https://www.number-1.co.jp/,https://www.number-1.co.jp/contact/,東京都,10名,,,,Web幹事(介護・福祉),,介護・福祉,既存190社リストと重複,介護・福祉:公式トップに業界の明記なし,株式会社No.1 株式会社No.1オフィシャルWEBサイト セキュリティ＆ソリューション 最先端の情報活用で企業成長を支援します。複合機・ビジネスフォン・UTM・サーバ・防犯カメラ、会計税務・人事労務・許認可代行サービス、販売促進企画・DTPデザイン・ホームページ作成などをワンストップで提供します。
キュアコード株式会社,https://curecode.jp,https://curecode.jp/contact/,富山県,15名,,,,発注ナビ(介護・福祉),,介護・福祉,特化を名乗っていない（対応可能止まり）,介護・福祉:公式トップに業界の明記なし,"キュアコード株式会社 | 医療・ヘルスケアアプリ・システム・デザイン 自治体,アプリ,自社開発,スマートフォン,プラットフォーム デジタルヘルスケアアプリで健康な未来創造を加速します デジタルヘルスケアアプリで健康な未来創造を加速します デジタルヘルスケアアプリで健康な未来創造を加速します TOP "
株式会社フルコンテンツ,https://full-contents.com/,https://full-contents.com/contact/,愛知県,33名,,,,発注ナビ(介護・福祉),,介護・福祉,特化を名乗っていない（対応可能止まり）,介護・福祉:公式トップに業界の明記なし,名古屋のホームページ制作なら株式会社フルコンテンツ｜集客に強いWeb制作 名古屋でホームページ制作をお考えなら株式会社フルコンテンツへ。企業サイト・採用サイト・LP制作からSEO対策、運用サポートまで対応。成果につながるWebサイトを企画・制作し、集客やお問い合わせ獲得を支援します。 
株式会社PRstore,https://prstore.co.jp/,,北海道,2名,,,,発注ナビ(介護・福祉),,介護・福祉,特化を名乗っていない（対応可能止まり）,介護・福祉:公式トップに業界の明記なし,株式会社PRstore | 札幌市のWebマーケティング・動画制作会社 株式会社PRstore | 札幌市のWebマーケティング・動画制作会社 株式会社PRstoreは企業が抱えている売上・集客・採用の悩みに特化したWebマーケティング支援会社です。「クライアントとクライアントの顧客の笑顔を創造する
株式会社リソルカンパニー,https://www.resolatte.com/,https://www.resolatte.com/contact.html,東京都,6名,,,,発注ナビ(介護・福祉),,介護・福祉,特化を名乗っていない（対応可能止まり）,介護・福祉:公式トップに業界の明記なし,株式会社リソルカンパニー  私たちは｢不｣｢非｣｢悩｣をアイデアと行動で解決していきます。 私たちは｢不｣｢非｣｢悩｣をアイデアと行動で解決していきます。 株式会社リソルカンパニー 
一般社団法人Honmono協会,https://www.honmono-all.com/,https://www.honmono-all.com/contact,東京都,100名,,,,発注ナビ(介護・福祉),,介護・福祉,従業員100名以上,介護・福祉:公式トップに業界の明記なし,"Honmono | シゴトの遊び場。 Honmonoは30日間無料トライアル実施中。
​
シゴトは大切。でも、ただ働くだけが全てだろうか？
​
私だけの道を進んできた
誰にも負けないスキルを磨いてきた
​
そんな私たちだからこそ
​
本物のつながりが生まれたとき
誰も見たことのないワクワクが生みだせ"
株式会社イークリエイト,http://www.ecreate.co.jp/,,東京都,,,,,発注ナビ(介護・福祉),,介護・福祉,特化を名乗っていない（対応可能止まり）,介護・福祉:公式トップに業界の明記なし,
株式会社阪口屋,http://www.teastalk.jp,,大阪府,4名,,,,発注ナビ(介護・福祉)／発注ナビ(製造業),,介護・福祉／製造業,特化を名乗っていない（対応可能止まり）,介護・福祉:公式トップに業界の明記なし / 製造業:公式トップに業界の明記なし,リダイレクト中...
明電商事株式会社,https://www.meidensha.co.jp/mss/,https://www.meidensha.co.jp/mss/contact/,東京都,472名,,,,発注ナビ(製造業),,製造業,従業員100名以上,製造業:公式トップに業界の明記なし,明電システムソリューション株式会社 明電システムソリューション株式会社のページです。明電システムソリューションはより豊かで住みよい未来社会の実現に貢献するため、新しい技術と価値の創造にチャレンジし続けます。 明電システムソリューション株式会社 明電システムソリューション株式会社のページです。明電シス
株式会社三和ソリューション,http://www.swsk.co.jp,,埼玉県,216名,,,,発注ナビ(製造業),,製造業,公式サイト取得不可(0),,
株式会社オープンウェーブ,http://www.openwave.co.jp,https://www.openwave.co.jp/inquiry/,神奈川県,6名,,,,発注ナビ(製造業),,製造業,特化を名乗っていない（対応可能止まり）,製造業:公式トップに業界の明記なし,株式会社オープンウェーブ システム開発、運用保守、オープンソース導入 システム開発、運用保守、オープンソース導入、IoT導入のお手伝いをいたします。 株式会社オープンウェーブ システム開発、運用保守、オープンソース導入 システム開発、運用保守、オープンソース導入、IoT導入のお手伝いをいたします。 
株式会社ナカテック,https://www.nakatec-ds.com,,福井県,103名,,,,発注ナビ(製造業),,製造業,公式サイト取得不可(403),,
株式会社グラフィカ,https://grphca.jp/,https://grphca.jp/#inquiry,東京都,4名,,,,発注ナビ(製造業),,製造業,特化を名乗っていない（対応可能止まり）,製造業:公式トップに業界の明記なし,株式会社グラフィカ｜GRPHCA Webサイト制作運用保守管理サービスをご提供する株式会社グラフィカです。「つたわる」「つながる」サイトの運用をサポートし、webサイトの発展へ貢献します。 株式会社グラフィカ｜GRPHCA Webサイト制作運用保守管理サービスをご提供する株式会社グラフィカです。「つ
株式会社バース Birth,,,,,,,,比較ビズ(介護・福祉),,介護・福祉,公式URL不明,,
株式会社マーケティング・エッセンシャルズ,,,愛知県,,,,,アイミツ(整骨院・整体院・治療院),,整骨院・整体院・治療院,公式URL不明,,
株式会社デジタルベリー,,,埼玉県,,,,,アイミツ(製造業),,製造業,公式URL不明,,
合同会社Breate,,,東京都,,,,,アイミツ(製造業),,製造業,公式URL不明,,
合同会社WebSupport誉,,,愛知県,,,,,アイミツ(製造業),,製造業,公式URL不明,,
株式会社NCネットワーク,,,東京都,,,,,アイミツ(製造業),,製造業,公式URL不明,,
キオミル株式会社,,,東京都,,,,,アイミツ(製造業),,製造業,公式URL不明,,
株式会社KOP,,,東京都,,,,,アイミツ(製造業),,製造業,公式URL不明,,
株式会社クイックリー,,,大阪府,,,,,アイミツ(製造業),,製造業,公式URL不明,,
株式会社HKLクリエイト,,,福岡県,,,,,アイミツ(介護・福祉),,介護・福祉,公式URL不明,,
