会社名,コーポレートURL,お問い合わせフォームURL,所在地,従業員数,電話番号,BaseconnectURL,制作実績数,情報源,特化業界
ユニバーサル・インタラクティブ株式会社,https://www.u-active.jp/,https://www.u-active.jp/contact/,,,,,,Web幹事(歯科),歯科
株式会社WEBマーケティング総合研究所,https://www.akibare-shika.jp/,https://www.akibare-shika.jp/otoiawase.html,,,,,"1,200件（公式サイト記載）",Web幹事(歯科),歯科
株式会社ゼロサン,http://03d.jp/,https://03d.jp/contact/,埼玉県,,,,4（アイミツ掲載）,Web幹事(歯科)／アイミツ(歯科)／比較ビズ(歯科),歯科
株式会社MethodInnovation,https://www.method-innovation.co.jp/,https://www.method-innovation.co.jp/contact/,大阪府,,,,,Web幹事(歯科)／アイミツ(歯科),歯科
株式会社ITreat,https://itreat.co.jp/,https://itreat.co.jp/contact,岐阜県,,,,4（アイミツ掲載）,アイミツ(歯科),歯科
SO MEDICAL DESIGN合同会社,https://somedical.co.jp,https://somedical.co.jp/consultation/,愛知県,,,,,比較ビズ(歯科),歯科
メディカ株式会社,https://medica-web.jp/,https://medica-web.jp/contact,愛知県,,,,,Web幹事(歯科)／アイミツ(介護・福祉)／アイミツ(歯科),歯科
株式会社まる,https://www.maru-nagoya.jp/,https://www.maru-nagoya.jp/form/,愛知県,,,,,比較ビズ(歯科),歯科
株式会社ティーエイト,https://t-8.jp/,https://t-8.jp/contact/,愛知県,,,,,比較ビズ(歯科),歯科
デンタルスタイル,https://www.dental-hp.net/,https://www.dental-hp.net/info/contact.html,新潟県,,,,,比較ビズ(歯科),歯科
チームエム株式会社,http://team-m.co.jp/,https://team-m.co.jp/otoiawase,東京都,,,,,比較ビズ(歯科),歯科
メディキャスト株式会社,https://wevery.jp/,https://wevery.jp/service/contact,東京都,20人以上～50人未満,,,,比較ビズ(歯科),歯科
日本ビスカ株式会社,https://www.visca.co.jp/,,東京都,,,,,Web幹事(歯科)／アイミツ(歯科)／比較ビズ(歯科),歯科
株式会社BE PROUD,http://www.beproud.asia/,https://www.beproud.asia/contact/,東京都,,,,"1,500件（公式サイト記載）",Web幹事(歯科)／アイミツ(歯科)／比較ビズ(歯科),歯科
株式会社EXACT,https://www.ex-act.jp/,https://www.ex-act.jp/toiawaseform/,東京都,,,,4（アイミツ掲載）,Web幹事(歯科)／アイミツ(歯科),歯科
株式会社Medical DX,https://medical-dx.com/,https://medical-dx.com/contact,東京都,,,,,Web幹事(歯科)／アイミツ(歯科),歯科
株式会社Pasciona,https://www.pasciona.com/,https://www.pasciona.com/contact/,東京都,,,,,比較ビズ(歯科),歯科
株式会社エムハンド,https://m-hand.jp/,https://www.m-hand.co.jp/tokyo/contact/,東京都,50人以上～100人未満,,,15（アイミツ掲載）,比較ビズ(歯科)／Web幹事(製造業)／アイミツ(歯科)／アイミツ(製造業),歯科／製造業
株式会社システムプランニング,https://www.dental-net.jp/,https://www.dental-net.jp/contact.html,東京都,,,,,比較ビズ(歯科),歯科
株式会社リッチオール,https://www.richall-dental.com/,https://www.richall-dental.com/contact.php,東京都,,,,,比較ビズ(歯科),歯科
株式会社リバティーフェローシップ,https://tdmlabo.com/,https://tdmlabo.com/contact/,東京都,15人,,,450医院（公式サイト記載）,アイミツ(歯科),歯科
株式会社歯愛メディカル,https://www.dentalmall.jp/,https://www.dentalmall.jp/otoiawase/,石川県,,,,"4,000件（公式サイト記載）",Web幹事(歯科)／アイミツ(歯科)／比較ビズ(歯科),歯科
株式会社M&D医業経営研究所,https://md-management.jp/,https://md-management.jp/contact/,神奈川県,5人以上～10人未満,,,100医院（公式サイト記載）,Web幹事(歯科)／アイミツ(歯科)／比較ビズ(歯科),歯科
株式会社ナルコーム,http://www.narcohm.co.jp/,http://www.narcohm.co.jp/inquiry/,長野県,,,,4（アイミツ掲載）,Web幹事(歯科)／アイミツ(歯科)／比較ビズ(歯科),歯科
アトラスアルファ株式会社,https://at-space24.com/,http://at-space24.com/contact/,千葉県,,,,,比較ビズ(整骨院・整体院・治療院),整骨院・整体院・治療院
Kaz株式会社,https://kaz-medical.co.jp/,https://kaz-medical.co.jp/contact/,埼玉県,,,,,アイミツ(整骨院・整体院・治療院)／比較ビズ(整骨院・整体院・治療院),整骨院・整体院・治療院
株式会社addwisteria,https://attractblue.jp/,https://attractblue.jp/contact,大阪府,,,,,比較ビズ(整骨院・整体院・治療院),整骨院・整体院・治療院
アリガト,https://www.kotsu-hpsenka.com/,https://www.kotsu-hpsenka.com/contact.html,奈良県,,,,,比較ビズ(整骨院・整体院・治療院),整骨院・整体院・治療院
ありがとうデザイン株式会社,http://www.seitai-homepage.com/,https://www.seitai-homepage.com/contact/index.html,東京都,5人未満,,,,アイミツ(整骨院・整体院・治療院)／比較ビズ(整骨院・整体院・治療院),整骨院・整体院・治療院
クリニックエール,https://clinic-yell.jp/company/,https://clinic-yell.jp/contact,東京都,,,,2000院（公式サイト記載）,Web幹事(整骨院・整体院・治療院)／比較ビズ(整骨院・整体院・治療院),整骨院・整体院・治療院
ラストワンマイル株式会社,http://www.uschpa.org/,https://www.uschpa.org/contact,東京都,,,,,アイミツ(整骨院・整体院・治療院)／比較ビズ(整骨院・整体院・治療院),整骨院・整体院・治療院
株式会社 クドケン,http://kudokenn.com/,https://kudokenn.com/contact,東京都,10人以上～20人未満,,,1800院（公式サイト記載）,Web幹事(整骨院・整体院・治療院)／比較ビズ(整骨院・整体院・治療院),整骨院・整体院・治療院
株式会社RapportStyle,https://www.rapportstyle.com/hp/,,東京都,,,,,比較ビズ(整骨院・整体院・治療院),整骨院・整体院・治療院
株式会社デジットシステム,https://www.insite-net.jp/,,東京都,,,,,アイミツ(整骨院・整体院・治療院)／比較ビズ(整骨院・整体院・治療院),整骨院・整体院・治療院
株式会社プロデュース・アクティビスト,https://www.mm-laboratory.com/selfull,https://www.mm-laboratory.com/1179137,東京都,,,,,比較ビズ(整骨院・整体院・治療院),整骨院・整体院・治療院
株式会社ヒゴワン,https://chikacon.co.jp/,,熊本県,,,,"1,000院（公式サイト記載）",アイミツ(整骨院・整体院・治療院)／比較ビズ(整骨院・整体院・治療院),整骨院・整体院・治療院
株式会社HSK,https://www.honepage.com/,https://www.honepage.com/contact/index.html,茨城県,,,,400件（公式サイト記載）,アイミツ(整骨院・整体院・治療院)／比較ビズ(整骨院・整体院・治療院),整骨院・整体院・治療院
ゆうきカンパニー株式会社,https://yukicom.jp/,https://yukicom.jp/otoiawasepage,,,,,,Web幹事(製造業),製造業
株式会社ええやん,https://ok-design.co.jp/manufacture/,https://ok-design.co.jp/manufacture/contact/,大阪府,,,,300社（公式サイト記載）,Web幹事(製造業)／アイミツ(製造業),製造業
テクノポート株式会社,https://techport.co.jp/,https://techport.co.jp/contact/,東京都,,,,,Web幹事(製造業)／アイミツ(製造業),製造業
株式会社アドミューズ,https://www.ad-muse.com/,https://www.ad-muse.com/contact,東京都,,,,,Web幹事(製造業),製造業
株式会社ＮＣネットワーク,https://corporate.nc-net.com/,https://corporate.nc-net.com/contact.html,東京都,,,,,Web幹事(製造業),製造業
株式会社アイリーラボ,http://www.aily-lab.co.jp/,https://www.aily-lab.co.jp/contact/,長野県,50名,,,,Web幹事(製造業),製造業
株式会社MMP,https://mmpartners.info/,,愛知県,,,,,Web幹事(介護・福祉),介護・福祉
株式会社CommuNext,https://www.communext.co.jp/,https://www.communext.co.jp/inquiry/,東京都,,,,,比較ビズ(介護・福祉),介護・福祉
株式会社スターパートナーズ,https://care-sp.net/,https://care-sp.net/contactus/,東京都,,,,,比較ビズ(介護・福祉),介護・福祉
株式会社ファースト・シンボリー,https://kaigo-design.com/,https://kaigo-design.com/otoiawase.html,東京都,10人以上～20人未満,,,,アイミツ(介護・福祉)／比較ビズ(介護・福祉)／Web幹事(介護・福祉),介護・福祉
ウェルコネクト,https://www.welconnect.net/,https://www.welconnect.net/mailform01,神奈川県,,,,,Web幹事(介護・福祉),介護・福祉
